storeId,Formato,Nombre,address,comuna,region
3077,ALVI,ALVI LA PINTANA,AV. SANTA ROSA 13218,La Pintana,RM - Santiago
3078,ALVI,ALVI VESPUCIO,AV. SANTA ROSA 9267,San Ram�n,RM - Santiago
3093,ALVI,ALVI COQUIMBO,JUAN ANTONIO R�OS 1165,Coquimbo,IV - Coquimbo
3094,ALVI,ALVI RANCAGUA,BOMBERO RUIDIAZ 040,Rancagua,VI - Del Libertador Bernardo O Higgins
3076,ALVI,ALVI DEPARTAMENTAL,SANTA ROSA 5780,San Joaqu�n,RM - Santiago
3083,ALVI,ALVI MAIPU,AV. PAJARITOS 1637-1613,Maip�,RM - Santiago
3071,ALVI,ALVI PUENTE ALTO,EYZAGUIRRE 2909,Puente Alto,RM - Santiago
3072,ALVI,ALVI SAN PABLO,AV. SAN PABLO 8685,Pudahuel,RM - Santiago
3198,ALVI,ALVI LAS PALMAS,RUTA 5 KM N�186,Curic�,VII - Del Maule
3183,ALVI,ALVI SAN BERNARDO,PADRE HURTADO 14529,San Bernardo,RM - Santiago
3086,ALVI,ALVI TEMUCO,BALMACEDA 1583,Temuco,IX - De la Araucan�a
3172,ALVI,ALVI OSORNO,CHILLAN 637,Osorno,X - De los Lagos
3180,ALVI,ALVI TALAGANTE 21 DE MAYO,21 DE MAYO 1081,Talagante,RM - Santiago
3087,ALVI,ALVI TALCA TERMINAL,1 SUR 1990,Talca,VII - Del Maule
3181,ALVI,ALVI TTE. CRUZ,TENIENTE CRUZ 570,Pudahuel,RM - Santiago
3085,ALVI,ALVI BELLOTO,AV. FREIRE 1515,Quilpu�,V - Valparaiso
3075,ALVI,ALVI LINARES,JANUARIO ESPINOZA 903,Linares,VII - Del Maule
3088,ALVI,ALVI PUERTO MONTT,AV. PRESIDENTE IB��EZ 507,Puerto Montt,X - De los Lagos
3084,ALVI,ALVI PE�ALOLEN,AV. GRECIA 7310,Pe�alol�n,RM - Santiago
3090,ALVI,ALVI QUILICURA,AV. SAN MARTIN 030,Quilicura,RM - Santiago
3099,ALVI,ALVI VALPARAISO,YUNGAY 2602,Valpara�so,V - Valparaiso
3089,ALVI,ALVI CONCEPCION,LOS CARRERA 555,Concepci�n,VIII - Bio B�o
3091,ALVI,ALVI CHILLAN,ISABEL RIQUELME 1001,Chill�n,XVI - �uble
3096,ALVI,ALVI LOS ANGELES,VILLAGRAN 471,Los Angeles,VIII - Bio B�o
3092,ALVI,ALVI PAJARITOS,AV. PAJARITOS 5100,Maip�,RM - Santiago
3080,ALVI,ALVI INDEPENDENCIA,INDEPENDENCIA 4154,Conchal�,RM - Santiago
3097,ALVI,ALVI LO PRADO,AV. SAN PABLO 5660,Lo Prado,RM - Santiago
3081,ALVI,ALVI EL BOSQUE,GRAN AVENIDA 13059,El Bosque,RM - Santiago
3082,ALVI,ALVI CONCHA Y TORO,AV. CONCHA Y TORO 3088,Puente Alto,RM - Santiago
3187,ALVI,ALVI TALCA ALAMEDA,3 ?  NORTE 1749,Talca,VII - Del Maule
3073,ALVI,ALVI RENCA,AV. CAUPOLICAN 1340,Renca,RM - Santiago
3079,ALVI,ALVI JJ PEREZ,JOSE JOAQUIN PEREZ 6658,Cerro Navia,RM - Santiago
3074,ALVI,ALVI RECOLETA,RECOLETA 1750,Recoleta,RM - Santiago
3098,ALVI,ALVI LAS CONDES,AV. LAS CONDES 11097,Las Condes,RM - Santiago
